{"ActsDfxFuncTest": {"subsystem": "hiviewdfx", "build_target_name": "ActsDfxFuncTest"}, "ActsHieventLiteTest": {"subsystem": "hiviewdfx", "build_target_name": "ActsHieventLiteTest"}, "ActsUpdaterFuncTest": {"subsystem": "update", "build_target_name": "ActsUpdaterFuncTest"}, "ActsHuksHalFunctionTest": {"subsystem": "security", "build_target_name": "ActsHuksHalFunctionTest"}, "ActsWifiServiceTest": {"subsystem": "communication", "build_target_name": "ActsWifiServiceTest"}, "ActsLwipTest": {"subsystem": "communication", "build_target_name": "ActsLwipTest"}, "ActsWifiIotTest": {"subsystem": "iot_hardware", "build_target_name": "ActsWifiIotTest"}, "ActsUtilsFileTest": {"subsystem": "utils", "build_target_name": "ActsUtilsFileTest"}, "ActsKvStoreTest": {"subsystem": "utils", "build_target_name": "ActsKvStoreTest"}, "ActsBootstrapTest": {"subsystem": "startup", "build_target_name": "ActsBootstrapTest"}, "ActsParameterTest": {"subsystem": "startup", "build_target_name": "ActsParameterTest"}, "ActsSamgrTest": {"subsystem": "distributed_schedule", "build_target_name": "ActsSamgrTest"}}